"n","p","b_0","b_1","sigbsq","PQL_b_0","Laplace_b_0","nAGQ_4_b_0","nAGQ_10_b_0","nAGQ_25_b_0","b_0_PQL_bias","b_0_Laplace_bias","b_0_4_bias","b_0_10_bias","b_0_25_bias","PQL_b_1","Laplace_b_1","nAGQ_4_b_1","nAGQ_10_b_1","nAGQ_25_b_1","b_1_PQL_bias","b_1_Laplace_bias","b_1_4_bias","b_1_10_bias","b_1_25_bias"
40,100,-2,0.5,1,-1.95503893660578,-1.99383002307005,-1.99442121296507,-1.9943948242923,-1.9943948242923,0.0449610633942159,0.00616997692995369,0.00557878703492642,0.00560517570770269,0.00560517570770269,0.500216894395152,0.51170467049625,0.511774943345576,0.511764564964218,0.511764564964218,0.000216894395152267,0.0117046704962502,0.0117749433455756,0.011764564964218,0.011764564964218
40,100,-2,0.5,1,-1.8695232437385,-1.90565967295308,-1.90625294640911,-1.90622584607042,-1.90622584607042,0.1304767562615,0.0943403270469205,0.0937470535908895,0.093774153929576,0.093774153929576,0.19019034321422,0.196068829661034,0.19614505219081,0.196110580423953,0.196110580423953,-0.30980965678578,-0.303931170338966,-0.30385494780919,-0.303889419576047,-0.303889419576047
40,100,-2,0.5,1,-2.23696170582916,-2.28073181804164,-2.28155675144942,-2.28150978459951,-2.28150978459951,-0.236961705829159,-0.280731818041636,-0.281556751449417,-0.281509784599508,-0.281509784599508,0.490215870241185,0.504843404975929,0.505128672582326,0.505106073530464,0.505106073530464,-0.0097841297588146,0.00484340497592917,0.00512867258232585,0.00510607353046355,0.00510607353046355
40,100,-2,0.5,1,-1.7681135179713,-1.80027600332505,-1.80080784051785,-1.8008016952044,-1.8008016952044,0.231886482028704,0.199723996674953,0.199192159482148,0.199198304795595,0.199198304795595,-0.286861314234131,-0.300672136704623,-0.300996687354484,-0.300984119773805,-0.300984119773805,-0.786861314234131,-0.800672136704623,-0.800996687354484,-0.800984119773805,-0.800984119773805
40,100,-2,0.5,1,-2.04701775306904,-2.08926762356085,-2.08999980618476,-2.08998791266718,-2.08998099552116,-0.0470177530690408,-0.0892676235608505,-0.0899998061847622,-0.0899879126671825,-0.0899809955211612,0.351774628466144,0.362501679695348,0.362655554486413,0.362653610616609,0.362645966000017,-0.148225371533856,-0.137498320304652,-0.137344445513587,-0.137346389383391,-0.137354033999983
40,100,-2,0.5,1,-1.67944502962962,-1.71001213265459,-1.71055419613193,-1.71052870566917,-1.71055085429216,0.320554970370379,0.289987867345406,0.28944580386807,0.289471294330827,0.289449145707838,-0.0198528171635079,-0.0222190971860451,-0.0222586061916795,-0.0222786499065776,-0.0222479558773557,-0.519852817163508,-0.522219097186045,-0.522258606191679,-0.522278649906578,-0.522247955877356
40,100,-2,0.5,1,-2.32857999799835,-2.38150504679713,-2.38237217097986,-2.3823256249829,-2.38232981491962,-0.328579997998347,-0.381505046797126,-0.382372170979864,-0.382325624982901,-0.382329814919621,0.920707742789121,0.948611958823721,0.948978845437142,0.948946004520512,0.948941990141775,0.420707742789121,0.448611958823721,0.448978845437142,0.448946004520512,0.448941990141775
40,100,-2,0.5,1,-2.17874865789182,-2.21586077552233,-2.216452436697,-2.21643595890715,-2.21643595890715,-0.178748657891825,-0.215860775522334,-0.216452436697005,-0.216435958907152,-0.216435958907152,0.568478737999971,0.583060236421062,0.583297137391199,0.583290319618225,0.583290319618225,0.0684787379999714,0.0830602364210624,0.0832971373911988,0.0832903196182249,0.0832903196182249
40,100,-2,0.5,1,-1.97696605676005,-2.01675107852184,-2.01757196835882,-2.01754231074759,-2.01754231074759,0.0230339432399489,-0.016751078521839,-0.0175719683588245,-0.0175423107475927,-0.0175423107475927,-0.0136691137322927,-0.0132714538515555,-0.0132052772534611,-0.0132083462966062,-0.0132083462966062,-0.513669113732293,-0.513271453851556,-0.513205277253461,-0.513208346296606,-0.513208346296606
40,100,-2,0.5,1,-2.06477370620333,-2.09716880267952,-2.09774154011535,-2.09771722564142,-2.09771722564142,-0.0647737062033333,-0.0971688026795219,-0.0977415401153499,-0.0977172256414152,-0.0977172256414152,1.2306790442345,1.25392307706821,1.25438246512541,1.25434253877942,1.25434253877942,0.730679044234501,0.753923077068212,0.754382465125412,0.754342538779425,0.754342538779425
40,100,-2,0.5,1,-2.21086065217759,-2.25567765992565,-2.2564845450811,-2.25644642390956,-2.25644642390956,-0.210860652177586,-0.255677659925647,-0.256484545081098,-0.25644642390956,-0.25644642390956,0.363106449853307,0.374344475007317,0.374441507788164,0.374431959386416,0.374431959386416,-0.136893550146693,-0.125655524992683,-0.125558492211836,-0.125568040613584,-0.125568040613584
40,100,-2,0.5,1,-2.10873411808828,-2.14674993312867,-2.14728676076859,-2.14727721333794,-2.14727721333794,-0.108734118088275,-0.146749933128671,-0.147286760768588,-0.147277213337943,-0.147277213337943,0.715429349661283,0.734021237724533,0.734261760660765,0.734247628579255,0.734247628579255,0.215429349661283,0.234021237724533,0.234261760660765,0.234247628579255,0.234247628579255
40,100,-2,0.5,1,-2.11330842703557,-2.16065199531498,-2.16157822266649,-2.16154759921373,-2.16154926616137,-0.113308427035575,-0.160651995314983,-0.161578222666489,-0.161547599213731,-0.161549266161371,0.483855709967746,0.501403237614871,0.501750560839598,0.501726428023534,0.501727309887851,-0.0161442900322535,0.00140323761487138,0.00175056083959779,0.00172642802353407,0.00172730988785119
40,100,-2,0.5,1,-1.97698848397849,-2.02689035877708,-2.02783959536424,-2.02776078362136,-2.02776095912259,0.0230115160215087,-0.0268903587770781,-0.0278395953642372,-0.0277607836213551,-0.0277609591225891,0.55258941050369,0.577792357537167,0.578332378322636,0.578264017300099,0.57826438560128,0.0525894105036904,0.0777923575371666,0.078332378322636,0.078264017300099,0.0782643856012801
40,100,-2,0.5,1,-1.58572211802037,-1.60876112401708,-1.60903102800814,-1.60904373937463,-1.60904373937463,0.414277881979632,0.39123887598292,0.39096897199186,0.390956260625372,0.390956260625372,0.169518128567526,0.172096036792544,0.172031658661669,0.172046174040667,0.172046174040667,-0.330481871432474,-0.327903963207456,-0.327968341338331,-0.327953825959333,-0.327953825959333
40,100,-2,0.5,1,-1.86579184903557,-1.90588599595586,-1.90668240895577,-1.90667340197569,-1.90666393380685,0.134208150964432,0.0941140040441439,0.0933175910442263,0.0933265980243116,0.0933360661931517,0.152466534798621,0.157515264190577,0.157563955970312,0.157561806895476,0.157564144466652,-0.347533465201379,-0.342484735809423,-0.342436044029688,-0.342438193104524,-0.342435855533348
40,100,-2,0.5,1,-2.193953759647,-2.24971442303459,-2.25098000052311,-2.25079985580604,-2.25077936649084,-0.193953759647,-0.249714423034592,-0.25098000052311,-0.250799855806044,-0.250779366490837,0.608032067674597,0.633807989810121,0.634368287145596,0.634216962520404,0.634194711985468,0.108032067674597,0.133807989810121,0.134368287145596,0.134216962520404,0.134194711985468
40,100,-2,0.5,1,-2.08172822580604,-2.13105423616572,-2.13202324863659,-2.13199225630876,-2.13199890979554,-0.0817282258060397,-0.131054236165716,-0.132023248636589,-0.131992256308765,-0.131998909795544,0.646035058054121,0.665565045533348,0.665937573093872,0.665974016301949,0.665987766988884,0.146035058054121,0.165565045533348,0.165937573093872,0.165974016301949,0.165987766988884
40,100,-2,0.5,1,-2.13411790870626,-2.17659206255082,-2.17737213027832,-2.17734005485915,-2.17734005485915,-0.134117908706263,-0.176592062550821,-0.177372130278317,-0.177340054859149,-0.177340054859149,0.607793128314528,0.6253318331909,0.625592992179752,0.625576300021946,0.625576300021946,0.107793128314528,0.1253318331909,0.125592992179752,0.125576300021946,0.125576300021946
40,100,-2,0.5,1,-1.48872430449017,-1.51220671316654,-1.51249100601728,-1.51250178305167,-1.51250178305167,0.511275695509832,0.487793286833463,0.487508993982717,0.487498216948335,0.487498216948335,0.175224461684701,0.178623680946313,0.178678874632415,0.178678604938951,0.178678604938951,-0.324775538315299,-0.321376319053687,-0.321321125367585,-0.321321395061049,-0.321321395061049
40,100,-2,0.5,1,-1.70294473569596,-1.72794517064268,-1.72830495893751,-1.72830816494525,-1.72830816494525,0.297055264304045,0.272054829357316,0.271695041062494,0.27169183505475,0.27169183505475,0.307220531467423,0.313530021788979,0.313617265218247,0.313628992700853,0.313628992700853,-0.192779468532577,-0.186469978211021,-0.186382734781753,-0.186371007299147,-0.186371007299147
40,100,-2,0.5,1,-2.12944523908682,-2.18300206765035,-2.18401453856251,-2.18392679205567,-2.18391243532066,-0.129445239086823,-0.183002067650355,-0.184014538562515,-0.183926792055666,-0.183912435320662,0.768390075125163,0.792331331071927,0.792689593654113,0.792703146170704,0.792670512204911,0.268390075125163,0.292331331071927,0.292689593654113,0.292703146170704,0.292670512204911
40,100,-2,0.5,1,-1.75545806793677,-1.7839379077229,-1.78430512176948,-1.78432257188201,-1.78432257188201,0.244541932063228,0.216062092277099,0.215694878230523,0.215677428117985,0.215677428117985,0.482213330908215,0.491594068913217,0.491659603667636,0.491678320327191,0.491678320327191,-0.0177866690917852,-0.00840593108678289,-0.00834039633236378,-0.00832167967280895,-0.00832167967280895
40,100,-2,0.5,1,-1.86657190231589,-1.90781987329718,-1.90853044660583,-1.90846760769945,-1.90846760769945,0.133428097684111,0.0921801267028228,0.0914695533941672,0.0915323923005544,0.0915323923005544,0.683286936870175,0.707738695553928,0.708246742919744,0.708167462333944,0.708167462333944,0.183286936870175,0.207738695553928,0.208246742919744,0.208167462333944,0.208167462333944
40,100,-2,0.5,1,-1.73122476254869,-1.76553245753589,-1.76613693563747,-1.76611457672186,-1.76611457672186,0.268775237451309,0.234467542464113,0.233863064362531,0.233885423278143,0.233885423278143,-0.0680121800672467,-0.0670450463568636,-0.0669347463769478,-0.0669628706164418,-0.0669628706164418,-0.568012180067247,-0.567045046356864,-0.566934746376948,-0.566962870616442,-0.566962870616442
40,100,-2,0.5,1,-2.07051243478605,-2.10910991181607,-2.1097277662017,-2.10969151249105,-2.10969151249105,-0.0705124347860537,-0.109109911816068,-0.1097277662017,-0.109691512491048,-0.109691512491048,0.693079402477227,0.709893279456036,0.710043032509692,0.710013097331223,0.710013097331223,0.193079402477227,0.209893279456036,0.210043032509692,0.210013097331223,0.210013097331223
40,100,-2,0.5,1,-1.91606170167181,-1.95387752629032,-1.95448604734451,-1.95447875839717,-1.95447875839717,0.0839382983281931,0.0461224737096841,0.0455139526554866,0.0455212416028294,0.0455212416028294,0.642485945090277,0.661624564310225,0.661968746430108,0.66198352631489,0.66198352631489,0.142485945090277,0.161624564310225,0.161968746430108,0.16198352631489,0.16198352631489
40,100,-2,0.5,1,-2.30092903666443,-2.35071990238362,-2.35180821202815,-2.35172904638489,-2.35173715863039,-0.300929036664434,-0.350719902383616,-0.351808212028151,-0.351729046384892,-0.351737158630391,0.478924371729443,0.494183352265464,0.494402988543741,0.494328572026568,0.494344471138612,-0.0210756282705573,-0.00581664773453572,-0.0055970114562589,-0.00567142797343223,-0.00565552886138754
40,100,-2,0.5,1,-1.79279515846956,-1.82417514012353,-1.8247582926739,-1.82475202015799,-1.82475202015799,0.207204841530442,0.175824859876465,0.1752417073261,0.17524797984201,0.17524797984201,-0.023469729350314,-0.0219680087745697,-0.0218767882385695,-0.0218741830235042,-0.0218741830235042,-0.523469729350314,-0.52196800877457,-0.52187678823857,-0.521874183023504,-0.521874183023504
40,100,-2,0.5,1,-2.39290334692062,-2.45629332683973,-2.45754620718774,-2.45747851955411,-2.45747427663298,-0.392903346920622,-0.456293326839728,-0.457546207187737,-0.457478519554109,-0.457474276632984,1.12426949441869,1.16394780633938,1.16467031124745,1.16460334628596,1.16459851668875,0.624269494418688,0.663947806339384,0.664670311247448,0.664603346285963,0.664598516688748
40,100,-2,0.5,1,-1.95360327278779,-1.980434591872,-1.98073390595827,-1.98073105377224,-1.98073105377224,0.0463967272122134,0.0195654081279952,0.0192660940417331,0.0192689462277622,0.0192689462277622,0.525544685270937,0.535461626515944,0.535573003164025,0.5355543570731,0.5355543570731,0.0255446852709366,0.0354616265159438,0.0355730031640251,0.0355543570731001,0.0355543570731001
40,100,-2,0.5,1,-2.65487903025355,-2.7477702698675,-2.74932221548502,-2.74910961946833,-2.74911892869036,-0.654879030253548,-0.747770269867504,-0.749322215485024,-0.749109619468332,-0.749118928690355,1.17793538363054,1.20767619598879,1.20803663533247,1.20795255570483,1.20795408053287,0.677935383630545,0.707676195988786,0.708036635332472,0.707952555704832,0.707954080532871
40,100,-2,0.5,1,-1.9020795628123,-1.94185338379479,-1.94248688026161,-1.94242700229798,-1.94242504638311,0.0979204371877009,0.0581466162052116,0.0575131197383891,0.0575729977020214,0.057574953616891,0.304849697422802,0.31225212924639,0.312268196799381,0.312231853676658,0.312229703623264,-0.195150302577198,-0.18774787075361,-0.187731803200619,-0.187768146323342,-0.187770296376736
40,100,-2,0.5,1,-1.74719012473837,-1.78250943735278,-1.78311396533541,-1.78309228592748,-1.78310752336351,0.252809875261629,0.217490562647218,0.216886034664586,0.21690771407252,0.216892476636487,0.266888567153452,0.273498529840382,0.27373174471386,0.273737790401621,0.273749451183305,-0.233111432846548,-0.226501470159618,-0.22626825528614,-0.226262209598379,-0.226250548816695
40,100,-2,0.5,1,-1.87833289642811,-1.90977777467258,-1.91016329347501,-1.9101712980451,-1.91017418031133,0.121667103571885,0.0902222253274183,0.0898367065249943,0.0898287019549022,0.089825819688671,0.37900731146656,0.386572114650298,0.386595584073712,0.386583285624269,0.386587150844121,-0.12099268853344,-0.113427885349702,-0.113404415926288,-0.113416714375731,-0.113412849155879
40,100,-2,0.5,1,-1.42735607438489,-1.45078928250877,-1.45112219257462,-1.45110057341954,-1.45110135552151,0.572643925615113,0.549210717491227,0.548877807425376,0.548899426580465,0.548898644478491,-0.0701872508052634,-0.0706507550113743,-0.0706089273083369,-0.0706335023045786,-0.0706301411108859,-0.570187250805263,-0.570650755011374,-0.570608927308337,-0.570633502304579,-0.570630141110886
40,100,-2,0.5,1,-1.50772454841331,-1.53920783972325,-1.53977946031538,-1.53976730849002,-1.53976730849002,0.492275451586694,0.460792160276746,0.460220539684619,0.460232691509979,0.460232691509979,0.0554017604639824,0.062747220351245,0.062952474177493,0.0629561664481017,0.0629561664481017,-0.444598239536018,-0.437252779648755,-0.437047525822507,-0.437043833551898,-0.437043833551898
40,100,-2,0.5,1,-2.29505374718679,-2.35227327105109,-2.35339643735932,-2.35325142001721,-2.35326351992301,-0.295053747186791,-0.352273271051088,-0.353396437359324,-0.35325142001721,-0.353263519923011,0.883102396045877,0.914090501280534,0.914601299942742,0.914488327298624,0.914494692327334,0.383102396045877,0.414090501280534,0.414601299942742,0.414488327298624,0.414494692327334
40,100,-2,0.5,1,-2.00005802161279,-2.038254917852,-2.03892998601225,-2.03891728708267,-2.03891728708267,-5.80216127858968e-05,-0.0382549178520026,-0.0389299860122465,-0.0389172870826666,-0.0389172870826666,0.0905532449643205,0.0928637811821776,0.0928616963423449,0.0928728095483048,0.0928728095483048,-0.40944675503568,-0.407136218817822,-0.407138303657655,-0.407127190451695,-0.407127190451695
40,100,-2,0.5,1,-1.67588851850589,-1.70544739403454,-1.7058565848321,-1.7058531151296,-1.70586262276735,0.324111481494107,0.294552605965461,0.294143415167901,0.294146884870396,0.294137377232646,0.196777832626349,0.200044470415992,0.200038325674823,0.200064928346259,0.20005614491849,-0.303222167373651,-0.299955529584008,-0.299961674325177,-0.299935071653741,-0.29994385508151
40,100,-2,0.5,1,-2.37686103910286,-2.43014703801776,-2.43125055662864,-2.43114289582432,-2.43114289582432,-0.376861039102863,-0.430147038017762,-0.431250556628642,-0.431142895824317,-0.431142895824317,0.815816687293039,0.840603995407038,0.840882316487456,0.840821282575703,0.840821282575703,0.315816687293039,0.340603995407038,0.340882316487456,0.340821282575703,0.340821282575703
40,100,-2,0.5,1,-1.69537711403998,-1.72368376683486,-1.7240778592814,-1.72409171602695,-1.72409171602695,0.304622885960017,0.276316233165137,0.275922140718599,0.275908283973052,0.275908283973052,0.308951809900833,0.317198795142497,0.3173115778199,0.31734409764131,0.31734409764131,-0.191048190099167,-0.182801204857503,-0.1826884221801,-0.18265590235869,-0.18265590235869
40,100,-2,0.5,1,-2.0843616106687,-2.13492314528634,-2.13597065353494,-2.13592259783336,-2.13591961595949,-0.0843616106687004,-0.134923145286338,-0.135970653534941,-0.135922597833355,-0.135919615959493,0.505386450396063,0.519465666567335,0.519608747148349,0.519605003113323,0.519623860677761,0.00538645039606345,0.0194656665673352,0.019608747148349,0.0196050031133226,0.019623860677761
40,100,-2,0.5,1,-2.03572919214072,-2.0712171280353,-2.07183792713525,-2.07184049626192,-2.07184049626192,-0.0357291921407223,-0.0712171280352978,-0.0718379271352463,-0.0718404962619239,-0.0718404962619239,0.42514525962214,0.436933947047688,0.437196306076071,0.437192376069932,0.437192376069932,-0.0748547403778596,-0.0630660529523123,-0.0628036939239291,-0.0628076239300678,-0.0628076239300678
40,100,-2,0.5,1,-2.06064009374717,-2.10422219949695,-2.10494742327252,-2.10491242215888,-2.10492799466675,-0.0606400937471734,-0.104222199496952,-0.104947423272518,-0.104912422158877,-0.104927994666751,0.690178059585546,0.710658505897935,0.710964339343469,0.710924928601218,0.710958784060175,0.190178059585546,0.210658505897935,0.210964339343469,0.210924928601218,0.210958784060175
40,100,-2,0.5,1,-2.05995072184934,-2.10032739615388,-2.10116957534578,-2.10116278401518,-2.101150111486,-0.0599507218493436,-0.100327396153881,-0.101169575345775,-0.101162784015181,-0.101150111485998,0.095995719335905,0.102112624042514,0.102432625008905,0.10243302962997,0.102430610260257,-0.404004280664095,-0.397887375957486,-0.397567374991095,-0.39756697037003,-0.397569389739743
40,100,-2,0.5,1,-2.47156259418066,-2.52493657344643,-2.5259571754786,-2.52586810470976,-2.52586810470976,-0.471562594180656,-0.524936573446433,-0.525957175478605,-0.525868104709764,-0.525868104709764,1.09433007998352,1.12724154683423,1.12784860684281,1.12776984230504,1.12776984230504,0.594330079983523,0.627241546834225,0.627848606842811,0.627769842305039,0.627769842305039
40,100,-2,0.5,1,-2.14755744924695,-2.19018948272936,-2.1909038280041,-2.19088913103349,-2.19088969449784,-0.147557449246953,-0.190189482729356,-0.190903828004099,-0.190889131033486,-0.190889694497842,0.308280395341105,0.314554413450426,0.314431415078772,0.314425311208625,0.314431049199919,-0.191719604658895,-0.185445586549574,-0.185568584921228,-0.185574688791375,-0.185568950800081
40,100,-2,0.5,1,-1.7454737852956,-1.77611853087083,-1.77652589123338,-1.77654871381187,-1.77654871381187,0.254526214704402,0.223881469129169,0.223474108766617,0.223451286188128,0.223451286188128,0.240339931831757,0.243425975812203,0.243414471270221,0.243426834368674,0.243426834368674,-0.259660068168243,-0.256574024187797,-0.256585528729779,-0.256573165631326,-0.256573165631326
40,100,-2,0.5,1,-1.73370283922639,-1.76033111243453,-1.7606262940237,-1.76062110472302,-1.76062110472302,0.266297160773611,0.239668887565466,0.239373705976303,0.239378895276977,0.239378895276977,0.420306660754695,0.427299145436988,0.427280338039093,0.427260619322431,0.427260619322431,-0.079693339245305,-0.0727008545630119,-0.0727196619609073,-0.0727393806775691,-0.0727393806775691
40,100,-2,0.5,1,-1.68303856775174,-1.70897244255522,-1.70924264690318,-1.70922798331631,-1.70922798331631,0.316961432248259,0.291027557444783,0.29075735309682,0.290772016683693,0.290772016683693,0.58049109908546,0.591455312006747,0.591559665021453,0.591524738669107,0.591524738669107,0.0804910990854601,0.0914553120067469,0.091559665021453,0.0915247386691069,0.0915247386691069
40,100,-2,0.5,1,-2.16061097994145,-2.21164386472322,-2.21260181692506,-2.21253986800832,-2.21253986800832,-0.160610979941453,-0.211643864723219,-0.212601816925063,-0.212539868008323,-0.212539868008323,0.88875408663145,0.91641812353561,0.91687797684773,0.916816961539725,0.916816961539725,0.38875408663145,0.41641812353561,0.41687797684773,0.416816961539725,0.416816961539725
40,100,-2,0.5,1,-1.8461882331986,-1.88044807016998,-1.8810271180794,-1.88099600087036,-1.88099600087036,0.153811766801403,0.119551929830017,0.118972881920603,0.119003999129641,0.119003999129641,0.17092545893178,0.176679154095621,0.176812601054043,0.17679167273396,0.17679167273396,-0.32907454106822,-0.323320845904379,-0.323187398945957,-0.32320832726604,-0.32320832726604
40,100,-2,0.5,1,-2.03476780621515,-2.07996412342734,-2.08075704665818,-2.08068799558022,-2.08068603342285,-0.0347678062151466,-0.0799641234273381,-0.0807570466581815,-0.080687995580222,-0.0806860334228503,0.577975869833293,0.595897061533272,0.596121274302618,0.596066010965429,0.596080978479199,0.0779758698332932,0.0958970615332722,0.0961212743026179,0.0960660109654285,0.0960809784791989
40,100,-2,0.5,1,-1.63210882216531,-1.65852088691758,-1.65882389112266,-1.6588165590404,-1.6588165590404,0.367891177834691,0.341479113082419,0.341176108877336,0.341183440959597,0.341183440959597,0.536606083975131,0.548390105132636,0.548538790255883,0.548535617151366,0.548535617151366,0.036606083975131,0.0483901051326359,0.0485387902558834,0.0485356171513656,0.0485356171513656
40,100,-2,0.5,1,-1.6922940711417,-1.71760221543213,-1.71793333760697,-1.71794752814047,-1.71794752814047,0.307705928858304,0.282397784567868,0.282066662393034,0.282052471859528,0.282052471859528,0.239213632892024,0.244957287304236,0.24506319550593,0.24507458670025,0.24507458670025,-0.260786367107976,-0.255042712695764,-0.25493680449407,-0.25492541329975,-0.25492541329975
40,100,-2,0.5,1,-1.71137630195989,-1.74233683937111,-1.74280002157418,-1.74277940489834,-1.74277940489834,0.28862369804011,0.257663160628886,0.257199978425819,0.25722059510166,0.25722059510166,0.186523609149831,0.190176088131106,0.190222255285698,0.190188105596672,0.190188105596672,-0.313476390850169,-0.309823911868894,-0.309777744714302,-0.309811894403328,-0.309811894403328
40,100,-2,0.5,1,-2.33488866584633,-2.37401547490648,-2.37449754230925,-2.37448759207401,-2.37448759207401,-0.334888665846327,-0.37401547490648,-0.374497542309247,-0.374487592074014,-0.374487592074014,1.33666119502853,1.36452663567154,1.36476199597305,1.36475939097565,1.36475939097565,0.836661195028532,0.864526635671536,0.864761995973054,0.864759390975651,0.864759390975651
40,100,-2,0.5,1,-2.29576484883163,-2.36137481837299,-2.36315110991068,-2.36283559174772,-2.36284222965378,-0.295764848831632,-0.361374818372993,-0.36315110991068,-0.362835591747721,-0.362842229653781,0.367894518993666,0.387934919469456,0.388419762834619,0.388147123336783,0.38815962159338,-0.132105481006334,-0.112065080530544,-0.111580237165381,-0.111852876663217,-0.11184037840662
40,100,-2,0.5,1,-2.08120998043576,-2.11666749756604,-2.11718888784278,-2.11718923835472,-2.11718923835472,-0.0812099804357627,-0.11666749756604,-0.117188887842785,-0.117189238354722,-0.117189238354722,0.489175681774703,0.500906513331729,0.500957305205631,0.500964406542638,0.500964406542638,-0.0108243182252974,0.000906513331729197,0.000957305205631309,0.000964406542637963,0.000964406542637963
40,100,-2,0.5,1,-2.28763376309287,-2.34742385432609,-2.34856756429657,-2.34839179315683,-2.34838259541696,-0.287633763092868,-0.347423854326086,-0.348567564296574,-0.348391793156829,-0.348382595416963,1.37026839703828,1.41620699076529,1.41709245298315,1.4169335785024,1.41690788091692,0.870268397038279,0.916206990765293,0.917092452983153,0.916933578502399,0.916907880916918
40,100,-2,0.5,1,-1.60522263522086,-1.6342498388649,-1.63470685510304,-1.63471646590004,-1.63471620041709,0.394777364779142,0.365750161135098,0.365293144896962,0.365283534099959,0.36528379958291,0.0305584698546254,0.0277100246338891,0.0276020628473055,0.0276260299810274,0.0276259532921068,-0.469441530145375,-0.472289975366111,-0.472397937152694,-0.472373970018973,-0.472374046707893
40,100,-2,0.5,1,-2.21525034726757,-2.26895980118971,-2.27015000873711,-2.2700566944366,-2.2700486554217,-0.215250347267568,-0.268959801189714,-0.270150008737112,-0.270056694436596,-0.270048655421699,0.431130936683396,0.448257836628826,0.448622620782509,0.448552437536854,0.448564883061323,-0.0688690633166042,-0.0517421633711743,-0.0513773792174908,-0.0514475624631463,-0.0514351169386771
40,100,-2,0.5,1,-2.04240281023134,-2.09041951120666,-2.09124130472119,-2.09116181624507,-2.09116694434804,-0.0424028102313398,-0.0904195112066626,-0.0912413047211871,-0.0911618162450685,-0.0911669443480445,0.821749872564332,0.851547226547329,0.852147721206855,0.852043682765246,0.852042911657276,0.321749872564332,0.351547226547329,0.352147721206855,0.352043682765246,0.352042911657276
40,100,-2,0.5,1,-1.65458003782564,-1.68523834912712,-1.68575641397755,-1.68575990515097,-1.68574690790258,0.345419962174356,0.314761650872877,0.314243586022454,0.314240094849029,0.314253092097419,0.0303964799976701,0.0333469440865959,0.0334522925042906,0.0334564123029658,0.0334307334154077,-0.46960352000233,-0.466653055913404,-0.466547707495709,-0.466543587697034,-0.466569266584592
40,100,-2,0.5,1,-1.91589577415765,-1.95993690314657,-1.96071412998327,-1.96066224522934,-1.96065744331557,0.0841042258423466,0.0400630968534328,0.0392858700167298,0.0393377547706617,0.0393425566844341,0.447890025588174,0.464152013587118,0.464416728488244,0.464369329116058,0.464368234242032,-0.0521099744118257,-0.0358479864128823,-0.0355832715117562,-0.0356306708839422,-0.0356317657579681
40,100,-2,0.5,1,-2.06049465111959,-2.10241101468828,-2.10317009572431,-2.1031509807203,-2.1031509807203,-0.0604946511195861,-0.102411014688277,-0.103170095724313,-0.103150980720301,-0.103150980720301,0.396441346689509,0.409636205777081,0.409893364808799,0.409874638354887,0.409874638354887,-0.103558653310491,-0.0903637942229187,-0.0901066351912011,-0.0901253616451129,-0.0901253616451129
40,100,-2,0.5,1,-1.32763418694183,-1.34863787000192,-1.34890986150901,-1.34889710652968,-1.34889872338497,0.672365813058167,0.651362129998077,0.651090138490987,0.651102893470319,0.651101276615026,-0.255372822324232,-0.2612583117728,-0.261304222721172,-0.261329421076281,-0.261328885133678,-0.755372822324232,-0.7612583117728,-0.761304222721172,-0.761329421076281,-0.761328885133678
40,100,-2,0.5,1,-2.0088585900817,-2.06043925322311,-2.0614298849658,-2.06125493688394,-2.06125098558706,-0.00885859008169554,-0.0604392532231115,-0.0614298849658024,-0.0612549368839446,-0.0612509855870558,0.679825111865621,0.704510543963424,0.704902240082267,0.704746694229598,0.704741638127688,0.179825111865621,0.204510543963424,0.204902240082267,0.204746694229598,0.204741638127688
40,100,-2,0.5,1,-2.2104283313692,-2.259022706416,-2.25978567293637,-2.25974063002115,-2.25974063002115,-0.210428331369199,-0.259022706415998,-0.259785672936365,-0.259740630021153,-0.259740630021153,1.16087187800584,1.192241565244,1.19263398073411,1.1925808722761,1.1925808722761,0.660871878005842,0.692241565243999,0.692633980734112,0.692580872276102,0.692580872276102
40,100,-2,0.5,1,-1.74126741949714,-1.77473898977465,-1.7754146749719,-1.77539958941208,-1.77538442503086,0.258732580502861,0.22526101022535,0.224585325028098,0.224600410587922,0.22461557496914,-0.14915869544574,-0.151845131324731,-0.15180855136043,-0.151818287149399,-0.151811940765726,-0.64915869544574,-0.651845131324731,-0.65180855136043,-0.651818287149399,-0.651811940765726
40,100,-2,0.5,1,-1.76396296598834,-1.79194488172582,-1.79225124769675,-1.79225260567377,-1.79225260567377,0.236037034011664,0.208055118274185,0.207748752303246,0.207747394326231,0.207747394326231,0.627913850628472,0.639355248313575,0.639426781106801,0.639428569668604,0.639428569668604,0.127913850628472,0.139355248313575,0.139426781106801,0.139428569668604,0.139428569668604
40,100,-2,0.5,1,-1.64592741722774,-1.67452601898023,-1.67495448537427,-1.67494289696616,-1.67494289696616,0.354072582772262,0.32547398101977,0.32504551462573,0.325057103033838,0.325057103033838,0.0390258804369981,0.0390863645234333,0.039065520706773,0.0390511668451841,0.0390511668451841,-0.460974119563002,-0.460913635476567,-0.460934479293227,-0.460948833154816,-0.460948833154816
40,100,-2,0.5,1,-1.85493614264971,-1.89331649782929,-1.89400152840416,-1.89391414913918,-1.89391414913918,0.145063857350287,0.106683502170709,0.105998471595844,0.106085850860823,0.106085850860823,0.165836562256734,0.171268840176043,0.171329109325217,0.17130610719401,0.17130610719401,-0.334163437743266,-0.328731159823957,-0.328670890674783,-0.32869389280599,-0.32869389280599
40,100,-2,0.5,1,-2.09012505751024,-2.14158399968104,-2.14264499910638,-2.14256506107678,-2.14254911419089,-0.0901250575102401,-0.141583999681036,-0.14264499910638,-0.14256506107678,-0.142549114190886,0.565893013418201,0.586192409438898,0.586498576022174,0.586464025864365,0.586435386214292,0.0658930134182009,0.0861924094388982,0.0864985760221741,0.0864640258643645,0.0864353862142919
40,100,-2,0.5,1,-2.2174036818752,-2.258858440362,-2.25947586726446,-2.25944265304125,-2.25944265304125,-0.217403681875201,-0.258858440361996,-0.259475867264464,-0.259442653041251,-0.259442653041251,0.892386518317448,0.914595037533867,0.914842209635038,0.914805532552716,0.914805532552716,0.392386518317448,0.414595037533867,0.414842209635038,0.414805532552716,0.414805532552716
40,100,-2,0.5,1,-2.17296017694954,-2.21663476654032,-2.21726750058022,-2.21723860057116,-2.21723774412914,-0.17296017694954,-0.216634766540316,-0.217267500580221,-0.217238600571163,-0.217237744129142,0.795527754257022,0.817608946686975,0.817872847628836,0.817856759760605,0.817856060672352,0.295527754257022,0.317608946686975,0.317872847628836,0.317856759760605,0.317856060672352
40,100,-2,0.5,1,-2.02707998371436,-2.07035566665082,-2.07111164952994,-2.07105295106482,-2.07106197613471,-0.0270799837143594,-0.0703556666508174,-0.0711116495299446,-0.0710529510648197,-0.0710619761347111,0.741189612395817,0.761886773469322,0.762165238865438,0.762130543399211,0.762130922066956,0.241189612395817,0.261886773469322,0.262165238865438,0.262130543399211,0.262130922066956
40,100,-2,0.5,1,-2.0285674943704,-2.07048282679131,-2.07113532039385,-2.07112226119556,-2.07115053329856,-0.0285674943703951,-0.0704828267913058,-0.0711353203938474,-0.0711222611955629,-0.0711505332985647,0.60831230663416,0.62632447522811,0.626591833666149,0.626576388301235,0.626604199926244,0.10831230663416,0.12632447522811,0.126591833666149,0.126576388301235,0.126604199926244
40,100,-2,0.5,1,-2.2071069539679,-2.25324135257005,-2.25398907432138,-2.25393948236023,-2.25393948236023,-0.207106953967905,-0.253241352570052,-0.253989074321376,-0.253939482360231,-0.253939482360231,0.984886640859401,1.01180751681808,1.01220543148218,1.01215531667144,1.01215531667144,0.484886640859401,0.511807516818082,0.512205431482184,0.512155316671439,0.512155316671439
40,100,-2,0.5,1,-2.27016813091306,-2.31278087872898,-2.31355962614899,-2.313520978704,-2.313520978704,-0.270168130913059,-0.312780878728978,-0.313559626148988,-0.313520978704002,-0.313520978704002,0.377510891728119,0.38796438089236,0.38786976326514,0.387852915227389,0.387852915227389,-0.122489108271881,-0.11203561910764,-0.11213023673486,-0.112147084772611,-0.112147084772611
40,100,-2,0.5,1,-1.94454262505402,-1.98022293801328,-1.98075627131602,-1.98074038047454,-1.98073915241644,0.0554573749459804,0.0197770619867201,0.0192437286839771,0.0192596195254566,0.0192608475835629,0.45105590955771,0.459444499116148,0.459407375088003,0.459428395367456,0.459427774569992,-0.0489440904422897,-0.0405555008838515,-0.0405926249119974,-0.0405716046325438,-0.0405722254300083
40,100,-2,0.5,1,-2.01703456577337,-2.05627860773758,-2.05694785098899,-2.05691991151029,-2.05691055470025,-0.0170345657733733,-0.0562786077375836,-0.0569478509889949,-0.0569199115102901,-0.0569105547002451,0.349163389227303,0.361379412583999,0.361641019648511,0.361611214590169,0.361590437345833,-0.150836610772697,-0.138620587416001,-0.138358980351489,-0.138388785409831,-0.138409562654167
40,100,-2,0.5,1,-1.96793778157541,-2.0037348192203,-2.00423136078086,-2.00419777852929,-2.00419777852929,0.0320622184245913,-0.00373481922030106,-0.00423136078086195,-0.00419777852928593,-0.00419777852928593,0.892876905988263,0.913067160282037,0.913287586175293,0.913246891374595,0.913246891374595,0.392876905988263,0.413067160282037,0.413287586175293,0.413246891374595,0.413246891374595
40,100,-2,0.5,1,-2.014858228758,-2.05716443298531,-2.05792667059957,-2.05789758459099,-2.05789758459099,-0.0148582287579977,-0.0571644329853074,-0.0579266705995742,-0.0578975845909939,-0.0578975845909939,0.235010547334323,0.240064976857755,0.240060976305141,0.240009179484704,0.240009179484704,-0.264989452665677,-0.259935023142245,-0.259939023694859,-0.259990820515296,-0.259990820515296
40,100,-2,0.5,1,-2.07301597221839,-2.11665652126059,-2.11756649914976,-2.11754318005426,-2.11756477912974,-0.0730159722183892,-0.11665652126059,-0.117566499149756,-0.117543180054263,-0.117564779129744,-0.0632817343770678,-0.0634394827262824,-0.0633630614158608,-0.063361193610301,-0.0633427187865893,-0.563281734377068,-0.563439482726282,-0.563363061415861,-0.563361193610301,-0.563342718786589
40,100,-2,0.5,1,-1.61608671974631,-1.65121843588865,-1.6519150810235,-1.6518671107822,-1.6518671107822,0.383913280253688,0.348781564111349,0.348084918976499,0.348132889217795,0.348132889217795,0.0628222390283967,0.07156118149878,0.0718215438490311,0.0717718022118645,0.0717718022118645,-0.437177760971603,-0.42843881850122,-0.428178456150969,-0.428228197788135,-0.428228197788135
40,100,-2,0.5,1,-1.91655039694472,-1.9603899030887,-1.96113610661924,-1.96113853003293,-1.96113853003293,0.083449603055278,0.0396100969113027,0.0388638933807588,0.038861469967068,0.038861469967068,0.524060604850382,0.544405990325688,0.544806687741813,0.544794633104914,0.544794633104914,0.0240606048503824,0.0444059903256879,0.0448066877418127,0.0447946331049136,0.0447946331049136
40,100,-2,0.5,1,-1.8536450107483,-1.88680059093592,-1.88719794157262,-1.88720976449193,-1.88721173090019,0.146354989251703,0.113199409064078,0.112802058427377,0.112790235508072,0.112788269099808,1.09401984525772,1.11546535863625,1.11567631572202,1.11567796773052,1.11567864668183,0.594019845257725,0.615465358636254,0.615676315722018,0.615677967730518,0.615678646681834
40,100,-2,0.5,1,-1.62351905217546,-1.65345754376743,-1.6538951402565,-1.65388555633878,-1.65389433143056,0.376480947824536,0.346542456232573,0.346104859743502,0.346114443661217,0.346105668569438,0.403311499770548,0.41275999528884,0.412894023334398,0.412887218398141,0.41290072082165,-0.0966885002294523,-0.0872400047111598,-0.0871059766656018,-0.0871127816018593,-0.0870992791783498
40,100,-2,0.5,1,-2.5137265947927,-2.572212810375,-2.57328850197045,-2.57322030296344,-2.57322030296344,-0.513726594792702,-0.572212810375005,-0.573288501970448,-0.573220302963443,-0.573220302963443,1.00133879698275,1.032703981406,1.03301418830752,1.0329703464394,1.0329703464394,0.501338796982752,0.532703981406003,0.533014188307523,0.532970346439401,0.532970346439401
40,100,-2,0.5,1,-2.20349774598078,-2.25410729798413,-2.25509554897243,-2.25501785772144,-2.25503274951143,-0.20349774598078,-0.254107297984132,-0.255095548972434,-0.255017857721442,-0.255032749511427,0.672817333566517,0.697892033163968,0.698398286431921,0.698321212459431,0.698333507675765,0.172817333566517,0.197892033163968,0.198398286431921,0.198321212459431,0.198333507675765
40,100,-2,0.5,1,-2.17955135139464,-2.24205082978824,-2.24346794424395,-2.24326679391901,-2.24326270665881,-0.179551351394639,-0.242050829788244,-0.243467944243951,-0.24326679391901,-0.243262706658812,0.845159652186939,0.884728905168918,0.885727374272822,0.885517465763573,0.885514270015272,0.345159652186939,0.384728905168918,0.385727374272822,0.385517465763573,0.385514270015272
40,100,-2,0.5,1,-1.83074717027834,-1.86641309086932,-1.86715485468338,-1.8671426494334,-1.8671426494334,0.169252829721662,0.133586909130676,0.132845145316619,0.132857350566597,0.132857350566597,0.0328070737158306,0.0360141100334609,0.0361540427423609,0.0361593398480125,0.0361593398480125,-0.467192926284169,-0.463985889966539,-0.463845957257639,-0.463840660151987,-0.463840660151987
40,100,-2,0.5,1,-2.21960307810181,-2.26396441588648,-2.26471543895251,-2.26468821000487,-2.26468821000487,-0.219603078101812,-0.263964415886475,-0.264715438952511,-0.26468821000487,-0.26468821000487,0.543031592954282,0.558502957020323,0.558672786962846,0.558643843463314,0.558643843463314,0.0430315929542824,0.058502957020323,0.0586727869628461,0.0586438434633135,0.0586438434633135
40,100,-2,0.5,1,-2.2933839757702,-2.34424042047489,-2.34510095535684,-2.34503249855941,-2.34503249855941,-0.293383975770197,-0.344240420474888,-0.345100955356837,-0.345032498559412,-0.345032498559412,0.933566987624083,0.961841934620175,0.96228039043722,0.962198525698247,0.962198525698247,0.433566987624083,0.461841934620175,0.46228039043722,0.462198525698247,0.462198525698247
40,100,-2,0.5,1,-2.05568249209086,-2.10313537340726,-2.10404326625162,-2.10391231590635,-2.10391231590635,-0.0556824920908592,-0.103135373407256,-0.104043266251622,-0.103912315906352,-0.103912315906352,0.84063665506848,0.868395747798528,0.868912314286824,0.868798336267115,0.868798336267115,0.34063665506848,0.368395747798528,0.368912314286824,0.368798336267115,0.368798336267115
40,100,-2,0.5,1,-1.6293694502383,-1.65793804040901,-1.65832947717297,-1.65832353281969,-1.65832353281969,0.370630549761702,0.342061959590994,0.341670522827025,0.341676467180311,0.341676467180311,0.451949987498154,0.461877914233075,0.462008648374328,0.461983019795534,0.461983019795534,-0.0480500125018462,-0.0381220857669248,-0.0379913516256725,-0.038016980204466,-0.038016980204466
40,100,-2,0.5,1,-1.85058243682879,-1.87984966630464,-1.88027958797559,-1.88028321592108,-1.8802995510269,0.14941756317121,0.12015033369536,0.119720412024407,0.11971678407892,0.119700448973101,0.259950276703282,0.266683459363881,0.266773821852855,0.266820686429529,0.266835682662834,-0.240049723296718,-0.233316540636119,-0.233226178147145,-0.233179313570471,-0.233164317337166
40,100,-2,0.5,1,-1.98965302080953,-2.02946919592088,-2.03003998267087,-2.03002336728719,-2.03002510177722,0.0103469791904693,-0.0294691959208846,-0.0300399826708748,-0.0300233672871917,-0.0300251017772153,0.645293775217569,0.664641366093499,0.664946561089258,0.664914639182659,0.664930515114261,0.145293775217569,0.164641366093499,0.164946561089258,0.164914639182659,0.164930515114261
40,100,-2,0.5,1,-1.81787800171838,-1.84927222642488,-1.84967500852798,-1.8496760192606,-1.84965593192485,0.182121998281616,0.150727773575125,0.150324991472017,0.150323980739397,0.150344068075154,0.554892835836714,0.566198045607225,0.566299380808371,0.566290080746146,0.566265259625208,0.0548928358367138,0.0661980456072251,0.0662993808083712,0.0662900807461464,0.0662652596252085
40,100,-2,0.5,1,-1.87656794012219,-1.9139471010181,-1.91457978361339,-1.91455413577652,-1.91455413577652,0.123432059877812,0.0860528989819045,0.0854202163866082,0.0854458642234799,0.0854458642234799,0.295921880586445,0.305710431569717,0.305875482829688,0.305878448509928,0.305878448509928,-0.204078119413555,-0.194289568430283,-0.194124517170312,-0.194121551490072,-0.194121551490072
40,100,-2,0.5,1,-2.44947517806244,-2.50209145335679,-2.50289662375659,-2.50285130176516,-2.50285130176516,-0.449475178062439,-0.502091453356785,-0.502896623756594,-0.502851301765165,-0.502851301765165,1.01513020133519,1.04471932708511,1.04500872577135,1.04496325646663,1.04496325646663,0.515130201335193,0.544719327085112,0.545008725771347,0.544963256466633,0.544963256466633
40,100,-2,0.5,1,-2.37127559218619,-2.42717635328052,-2.42816899941886,-2.4281227077744,-2.4281227077744,-0.371275592186191,-0.427176353280522,-0.428168999418863,-0.428122707774399,-0.428122707774399,0.994354217635281,1.02391020203623,1.02427024978631,1.02423956026984,1.02423956026984,0.494354217635281,0.523910202036232,0.524270249786309,0.524239560269841,0.524239560269841
40,100,-2,0.5,1,-2.06976260524895,-2.11196152985227,-2.11268236985573,-2.11265447694091,-2.11263535596905,-0.0697626052489535,-0.111961529852273,-0.11268236985573,-0.112654476940908,-0.11263535596905,0.845790424003914,0.868386251907504,0.868727640100256,0.868730013979397,0.868702965273969,0.345790424003914,0.368386251907504,0.368727640100256,0.368730013979397,0.368702965273969
40,100,-2,0.5,1,-1.86626775938962,-1.90523207591149,-1.90592995314617,-1.9058742638708,-1.90587297350989,0.13373224061038,0.0947679240885066,0.0940700468538307,0.0941257361291952,0.094127026490106,0.553204496523284,0.572099258822433,0.572497359191039,0.57243936302316,0.572440698065994,0.053204496523284,0.072099258822433,0.0724973591910385,0.0724393630231601,0.072440698065994
40,100,-2,0.5,1,-1.78846740316527,-1.82349409511526,-1.82411132678927,-1.82409801001983,-1.82409587993988,0.211532596834731,0.176505904884739,0.175888673210733,0.175901989980174,0.175904120060115,0.287631124778161,0.295374766633968,0.295483307600036,0.295498052947319,0.295497196942763,-0.212368875221839,-0.204625233366032,-0.204516692399964,-0.204501947052681,-0.204502803057237
40,100,-2,0.5,1,-1.58375893537088,-1.6127225217108,-1.61316295056841,-1.61315274885716,-1.61315234152829,0.416241064629117,0.387277478289204,0.386837049431595,0.386847251142839,0.386847658471709,0.137883656433922,0.140102707285178,0.140091304355413,0.140088861706786,0.140087828421933,-0.362116343566078,-0.359897292714822,-0.359908695644587,-0.359911138293214,-0.359912171578067
40,100,-2,0.5,1,-2.07052663561647,-2.1005694426304,-2.10115607177421,-2.10113944697933,-2.10113944697933,-0.0705266356164662,-0.100569442630396,-0.101156071774212,-0.101139446979329,-0.101139446979329,0.20388472476607,0.208347227021369,0.208512131716649,0.20849244905107,0.20849244905107,-0.29611527523393,-0.291652772978631,-0.291487868283351,-0.29150755094893,-0.29150755094893
40,100,-2,0.5,1,-2.06621936267834,-2.10774256290906,-2.10847929098265,-2.10844406894909,-2.10842296614313,-0.0662193626783387,-0.107742562909062,-0.108479290982652,-0.10844406894909,-0.108422966143126,0.554020206622648,0.570700431308073,0.570993143809639,0.570973516746734,0.570941630551562,0.0540202066226479,0.070700431308073,0.0709931438096392,0.0709735167467345,0.0709416305515616
40,100,-2,0.5,1,-2.12905599928745,-2.1734462191568,-2.17427933530607,-2.17424582085764,-2.17424398290803,-0.129055999287451,-0.1734462191568,-0.174279335306071,-0.174245820857637,-0.174243982908029,0.346283270724202,0.359078034404425,0.359353501555829,0.359315851122668,0.359310797665554,-0.153716729275798,-0.140921965595575,-0.140646498444171,-0.140684148877332,-0.140689202334446
40,100,-2,0.5,1,-2.07538989414365,-2.11481490295709,-2.11550373296106,-2.11548711661371,-2.11548838213939,-0.0753898941436533,-0.11481490295709,-0.115503732961059,-0.11548711661371,-0.115488382139392,0.579300698498979,0.59624540827993,0.596570085185791,0.596533863878355,0.596558693572918,0.0793006984989791,0.0962454082799302,0.0965700851857909,0.0965338638783553,0.0965586935729181
40,100,-2,0.5,1,-1.7018672214818,-1.7316829568614,-1.73211120818926,-1.73211922778885,-1.73211922778885,0.298132778518204,0.268317043138598,0.267888791810736,0.267880772211154,0.267880772211154,0.117458663227117,0.121932409239697,0.122049674311475,0.122046508456228,0.122046508456228,-0.382541336772883,-0.378067590760303,-0.377950325688525,-0.377953491543772,-0.377953491543772
40,100,-2,0.5,1,-2.15479133152744,-2.21021928912965,-2.21124271291712,-2.21112030856544,-2.21112029762502,-0.154791331527444,-0.210219289129646,-0.21124271291712,-0.211120308565445,-0.211120297625018,0.856310391063163,0.888627987423726,0.889252144725689,0.889126935740282,0.889128646662848,0.356310391063163,0.388627987423726,0.389252144725689,0.389126935740282,0.389128646662848
40,100,-2,0.5,1,-2.25613606824642,-2.31938434936441,-2.32083504949547,-2.32054451052767,-2.32054111584462,-0.256136068246415,-0.319384349364409,-0.320835049495467,-0.320544510527673,-0.320541115844621,0.622723215819784,0.654293546688128,0.655028863248366,0.654769581199585,0.654764272749562,0.122723215819784,0.154293546688128,0.155028863248366,0.154769581199585,0.154764272749562
40,100,-2,0.5,1,-2.3063918039806,-2.35967359476555,-2.36073941317104,-2.36068988848566,-2.36068988848566,-0.3063918039806,-0.359673594765546,-0.36073941317104,-0.360689888485664,-0.360689888485664,0.514834770353846,0.531377035666733,0.531578045257596,0.531558737774549,0.531558737774549,0.0148347703538461,0.0313770356667327,0.0315780452575958,0.0315587377745485,0.0315587377745485
40,100,-2,0.5,1,-1.86713303130236,-1.90905475640572,-1.90977090827731,-1.90972539304716,-1.90973587272934,0.132866968697639,0.0909452435942781,0.0902290917226858,0.0902746069528444,0.0902641272706595,0.771290646411438,0.796309765223479,0.796821910981594,0.796763115643757,0.7967734084417,0.271290646411438,0.296309765223479,0.296821910981594,0.296763115643757,0.2967734084417
40,100,-2,0.5,1,-1.746931939765,-1.78655744320316,-1.78727572856107,-1.78720223394502,-1.78720223394502,0.253068060234996,0.213442556796845,0.212724271438926,0.212797766054981,0.212797766054981,0.485778904210356,0.502869815813203,0.503190329132191,0.503139275259183,0.503139275259183,-0.0142210957896439,0.00286981581320345,0.00319032913219131,0.00313927525918278,0.00313927525918278
40,100,-2,0.5,1,-1.83960765741535,-1.88073634869075,-1.88149941147065,-1.88145908158184,-1.88147382749685,0.160392342584647,0.119263651309255,0.118500588529352,0.118540918418164,0.118526172503147,0.556990622954603,0.573325892392854,0.573596913136141,0.573570418693675,0.573593674443291,0.0569906229546028,0.0733258923928544,0.0735969131361414,0.0735704186936752,0.0735936744432908
40,100,-2,0.5,1,-1.93870106727625,-1.98204030615166,-1.98292134656405,-1.98287584370167,-1.9828753651963,0.0612989327237541,0.0179596938483375,0.0170786534359517,0.017124156298328,0.0171246348037006,0.0661714980640253,0.0676241648934134,0.0675837477390937,0.0675744607033447,0.0675745665440172,-0.433828501935975,-0.432375835106587,-0.432416252260906,-0.432425539296655,-0.432425433455983
40,100,-2,0.5,1,-2.61689816835863,-2.68297921036731,-2.68428981854823,-2.68419822811523,-2.68419822811523,-0.616898168358634,-0.682979210367314,-0.684289818548226,-0.68419822811523,-0.68419822811523,1.02296197392914,1.06019213601188,1.06081989036027,1.06072892944821,1.06072892944821,0.522961973929138,0.560192136011885,0.560819890360267,0.560728929448209,0.560728929448209
40,100,-2,0.5,1,-2.0261995837084,-2.06439259744719,-2.06503177322357,-2.0650090660587,-2.0650090660587,-0.0261995837083955,-0.0643925974471884,-0.0650317732235672,-0.0650090660586962,-0.0650090660586962,0.416519828129779,0.428586883603664,0.428797872964581,0.428754592930508,0.428754592930508,-0.0834801718702212,-0.0714131163963363,-0.0712021270354185,-0.0712454070694919,-0.0712454070694919
40,100,-2,0.5,1,-1.9208927063802,-1.95894236914564,-1.95961953570018,-1.95962423922,-1.95962423922,0.0791072936197996,0.0410576308543553,0.0403804642998242,0.040375760779999,0.040375760779999,0.161199051601277,0.164672886533507,0.164646667104328,0.164659305509497,0.164659305509497,-0.338800948398723,-0.335327113466493,-0.335353332895672,-0.335340694490503,-0.335340694490503
40,100,-2,0.5,1,-1.53131902535518,-1.5579194264819,-1.55824673036254,-1.55823659290496,-1.55823659290496,0.468680974644824,0.442080573518097,0.441753269637456,0.441763407095038,0.441763407095038,0.469852167553949,0.480808937034773,0.480958539385704,0.480937782148701,0.480937782148701,-0.0301478324460512,-0.0191910629652269,-0.0190414606142957,-0.0190622178512991,-0.0190622178512991
40,100,-2,0.5,1,-2.00152315049631,-2.04210381273715,-2.0429171600512,-2.04287660086449,-2.04287854200194,-0.00152315049630536,-0.0421038127371514,-0.0429171600512008,-0.0428766008644894,-0.0428785420019393,0.388304263330403,0.39850456843975,0.398537056982923,0.39855537541317,0.398555914308808,-0.111695736669597,-0.10149543156025,-0.101462943017077,-0.10144462458683,-0.101444085691192
40,100,-2,0.5,1,-2.00901344868663,-2.04637693002016,-2.04695355638105,-2.0469410896448,-2.0469410896448,-0.00901344868663045,-0.0463769300201626,-0.0469535563810481,-0.0469410896448039,-0.0469410896448039,0.560473754093328,0.574763402020792,0.574933605754138,0.574898344667847,0.574898344667847,0.060473754093328,0.0747634020207917,0.0749336057541379,0.0748983446678468,0.0748983446678468
40,100,-2,0.5,1,-1.90571762041684,-1.94308766550048,-1.94364457021618,-1.9436458623225,-1.94364757989412,0.0942823795831553,0.0569123344995208,0.0563554297838236,0.0563541376775034,0.0563524201058838,0.717058998789789,0.734518736274855,0.734735411822957,0.734737195792903,0.734739322740347,0.217058998789789,0.234518736274855,0.234735411822957,0.234737195792903,0.234739322740347
40,100,-2,0.5,1,-1.89063658815883,-1.92134391961302,-1.92175321518038,-1.92176052837606,-1.92176052837606,0.109363411841174,0.0786560803869811,0.0782467848196191,0.0782394716239412,0.0782394716239412,0.387270305781434,0.396696521347306,0.396821581047311,0.396825532230605,0.396825532230605,-0.112729694218566,-0.103303478652694,-0.103178418952689,-0.103174467769395,-0.103174467769395
40,100,-2,0.5,1,-2.27179174379513,-2.33313707300856,-2.33440949554482,-2.33422659378677,-2.33423747322525,-0.271791743795135,-0.333137073008563,-0.334409495544821,-0.33422659378677,-0.334237473225246,0.618178139128755,0.641294870536936,0.641687117124501,0.641584895150038,0.641607780060995,0.118178139128755,0.141294870536936,0.141687117124501,0.141584895150038,0.141607780060995
40,100,-2,0.5,1,-2.24498356155002,-2.29793734547559,-2.29900433023014,-2.29896475526976,-2.29896143809054,-0.244983561550024,-0.297937345475594,-0.299004330230137,-0.29896475526976,-0.298961438090536,0.74603659159758,0.774723551067432,0.775385497994214,0.775351387744111,0.775328657002641,0.24603659159758,0.274723551067432,0.275385497994214,0.275351387744111,0.275328657002641
40,100,-2,0.5,1,-1.78986791934144,-1.82225966966336,-1.82272354109147,-1.8227093619983,-1.8227093619983,0.210132080658562,0.177740330336643,0.177276458908535,0.177290638001701,0.177290638001701,0.518217925942344,0.530142244020432,0.530270675830192,0.53026785021902,0.53026785021902,0.0182179259423443,0.0301422440204322,0.0302706758301923,0.0302678502190203,0.0302678502190203
40,100,-2,0.5,1,-2.09978810355407,-2.14304148114423,-2.14372762412778,-2.14367300651463,-2.14367300651463,-0.0997881035540686,-0.143041481144229,-0.143727624127783,-0.143673006514627,-0.143673006514627,0.811340863671146,0.833133631160007,0.8334446053277,0.833384923798094,0.833384923798094,0.311340863671146,0.333133631160007,0.3334446053277,0.333384923798094,0.333384923798094
40,100,-2,0.5,1,-1.6309058491101,-1.65787197419936,-1.65821790645363,-1.65820207856731,-1.65820207856731,0.369094150889898,0.342128025800638,0.341782093546371,0.341797921432695,0.341797921432695,0.275378792523248,0.281476599865556,0.281534654688235,0.281513250220008,0.281513250220008,-0.224621207476752,-0.218523400134444,-0.218465345311765,-0.218486749779992,-0.218486749779992
40,100,-2,0.5,1,-1.96303255397804,-2.00090953095557,-2.00149103992777,-2.00147756542751,-2.0014846312264,0.0369674460219618,-0.000909530955572002,-0.00149103992777366,-0.00147756542751409,-0.0014846312264023,0.400195845026831,0.408530090106428,0.408535204319168,0.408546606133191,0.408551612667746,-0.0998041549731693,-0.0914699098935717,-0.0914647956808323,-0.0914533938668085,-0.091448387332254
40,100,-2,0.5,1,-2.24913327465361,-2.30325504653368,-2.30426948436415,-2.30419341823928,-2.30419400366164,-0.24913327465361,-0.303255046533683,-0.304269484364149,-0.304193418239276,-0.304194003661639,0.957228464494904,0.986067346313748,0.986433900481748,0.986388773038564,0.98638976250845,0.457228464494904,0.486067346313748,0.486433900481748,0.486388773038564,0.48638976250845
40,100,-2,0.5,1,-1.83232600843676,-1.86626339489797,-1.86666836326807,-1.86666008792863,-1.86666008792863,0.167673991563236,0.133736605102035,0.133331636731927,0.133339912071373,0.133339912071373,0.869112297762486,0.889985814420438,0.890237750081356,0.890223414890026,0.890223414890026,0.369112297762486,0.389985814420438,0.390237750081356,0.390223414890026,0.390223414890026
40,100,-2,0.5,1,-2.01684490612414,-2.05209835330179,-2.05266764927731,-2.05265041893044,-2.05265041893044,-0.0168449061241418,-0.0520983533017869,-0.0526676492773124,-0.0526504189304351,-0.0526504189304351,0.169277821361064,0.173581293477359,0.173567420037137,0.173563016134448,0.173563016134448,-0.330722178638936,-0.326418706522641,-0.326432579962863,-0.326436983865552,-0.326436983865552
40,100,-2,0.5,1,-2.15949261125148,-2.20769292385363,-2.20861886799943,-2.20853223315031,-2.20853096579619,-0.159492611251483,-0.207692923853626,-0.208618867999428,-0.208532233150309,-0.208530965796195,0.869142224635555,0.897554602695503,0.898134506953564,0.898057826148625,0.898056371502091,0.369142224635555,0.397554602695503,0.398134506953564,0.398057826148625,0.398056371502091
40,100,-2,0.5,1,-1.80962354439697,-1.84488663882712,-1.84552558676392,-1.84550684958904,-1.8455177256314,0.190376455603033,0.155113361172885,0.154474413236085,0.15449315041096,0.154482274368601,0.0571669221809179,0.060849534337984,0.0609687737547776,0.0609554974857875,0.0609703154895695,-0.442833077819082,-0.439150465662016,-0.439031226245222,-0.439044502514212,-0.43902968451043
40,100,-2,0.5,1,-1.89449683178099,-1.93244966207674,-1.93312478146491,-1.93310399181731,-1.93310399181731,0.10550316821901,0.0675503379232625,0.0668752185350936,0.066896008182685,0.066896008182685,0.319878361959436,0.329548007930643,0.329703500416521,0.329688876508758,0.329688876508758,-0.180121638040564,-0.170451992069357,-0.170296499583479,-0.170311123491242,-0.170311123491242
40,100,-2,0.5,1,-1.80275177263848,-1.83876352337285,-1.83943363672911,-1.8394276487249,-1.83943224672264,0.197248227361515,0.16123647662715,0.160566363270887,0.160572351275103,0.160567753277358,-0.170485121872785,-0.177706196711962,-0.177902746741378,-0.177876379718885,-0.177857214099942,-0.670485121872785,-0.677706196711962,-0.677902746741378,-0.677876379718885,-0.677857214099942
40,100,-2,0.5,1,-2.22872211147946,-2.28048739520536,-2.28148430015208,-2.28141583242993,-2.28141583242993,-0.228722111479464,-0.280487395205363,-0.281484300152083,-0.281415832429934,-0.281415832429934,0.859545103481442,0.88834055486742,0.888882478960043,0.88882001113327,0.88882001113327,0.359545103481442,0.38834055486742,0.388882478960043,0.38882001113327,0.38882001113327
40,100,-2,0.5,1,-1.7989744216895,-1.8333674605247,-1.83396404460298,-1.83394423491477,-1.83393111376873,0.201025578310497,0.166632539475305,0.16603595539702,0.166055765085234,0.16606888623127,0.238348223642286,0.245572441394919,0.24571117468581,0.245700102976689,0.245684978421113,-0.261651776357714,-0.254427558605081,-0.25428882531419,-0.254299897023311,-0.254315021578887
40,100,-2,0.5,1,-1.96004531917833,-1.9999301919087,-2.00062263875552,-2.00057923979709,-2.00057533228695,0.0399546808216698,6.98080912999721e-05,-0.000622638755523042,-0.000579239797086295,-0.000575332286949504,0.487222812879577,0.501477930602957,0.501736733823108,0.501699728799777,0.501677618886621,-0.0127771871204226,0.00147793060295709,0.00173673382310846,0.00169972879977731,0.00167761888662077
40,100,-2,0.5,1,-1.53762967088047,-1.56670402081704,-1.56713689351623,-1.56711537196311,-1.56711537196311,0.462370329119532,0.433295979182962,0.432863106483771,0.43288462803689,0.43288462803689,0.373946201620486,0.381427473289928,0.381483747764869,0.381473567402209,0.381473567402209,-0.126053798379514,-0.118572526710072,-0.118516252235131,-0.118526432597791,-0.118526432597791
40,100,-2,0.5,1,-2.20100263502349,-2.2452163911786,-2.24613653622817,-2.24610907559703,-2.24610907559703,-0.201002635023491,-0.2452163911786,-0.24613653622817,-0.246109075597035,-0.246109075597035,1.00026807697968,1.02827967135461,1.02895444866601,1.0289211750804,1.0289211750804,0.500268076979678,0.528279671354609,0.528954448666011,0.528921175080399,0.528921175080399
40,100,-2,0.5,1,-1.96990725978494,-2.01705339073452,-2.01803644701552,-2.01796999321895,-2.01797338488667,0.0300927402150639,-0.0170533907345245,-0.0180364470155183,-0.017969993218947,-0.0179733848866661,0.263454748268461,0.276638494440114,0.276975393505659,0.27693004750193,0.276914460599276,-0.236545251731539,-0.223361505559886,-0.223024606494341,-0.22306995249807,-0.223085539400724
40,100,-2,0.5,1,-2.08338558967506,-2.1315011298079,-2.13229933010653,-2.13212393626712,-2.13212393626712,-0.0833855896750619,-0.131501129807903,-0.132299330106529,-0.13212393626712,-0.13212393626712,0.537387436314517,0.557621977765737,0.557899699289668,0.557727470966878,0.557727470966878,0.0373874363145169,0.0576219777657367,0.0578996992896683,0.0577274709668778,0.0577274709668778
40,100,-2,0.5,1,-2.10764763167145,-2.14785050829747,-2.14854406691071,-2.1485126373429,-2.1485126373429,-0.107647631671446,-0.147850508297473,-0.148544066910714,-0.148512637342899,-0.148512637342899,0.511587912841761,0.525705744129523,0.5259254425639,0.525891541189108,0.525891541189108,0.0115879128417606,0.0257057441295234,0.0259254425639004,0.0258915411891076,0.0258915411891076
40,100,-2,0.5,1,-1.96662781797005,-2.00880702056037,-2.00953612883789,-2.00949964106665,-2.00949895280008,0.033372182029952,-0.00880702056037475,-0.00953612883789123,-0.00949964106665036,-0.00949895280007595,0.776585422121598,0.795338907280518,0.795553398910797,0.795551512144908,0.795541033716619,0.276585422121598,0.295338907280518,0.295553398910797,0.295551512144908,0.295541033716619
40,100,-2,0.5,1,-1.68256747216415,-1.70913447966957,-1.7094354334812,-1.70944694936381,-1.70944694936381,0.317432527835853,0.290865520330433,0.290564566518799,0.290553050636191,0.290553050636191,0.329825772521699,0.336534240595967,0.336569439104239,0.336568115583773,0.336568115583773,-0.170174227478301,-0.163465759404033,-0.163430560895761,-0.163431884416227,-0.163431884416227
40,100,-2,0.5,1,-1.88525739781622,-1.92523151137893,-1.92584573131182,-1.92584337547991,-1.92584228837776,0.114742602183782,0.0747684886210722,0.074154268688178,0.0741566245200871,0.0741577116222429,0.86234525768059,0.884756845940021,0.885078463865428,0.885066683553517,0.885063970256728,0.36234525768059,0.384756845940021,0.385078463865428,0.385066683553517,0.385063970256728
40,100,-2,0.5,1,-1.85619203810736,-1.88761894833662,-1.88812798339114,-1.88810153538987,-1.88810153538987,0.143807961892638,0.112381051663383,0.111872016608863,0.111898464610125,0.111898464610125,0.0805385278925599,0.0814098610482877,0.0813468588390226,0.0813270651637422,0.0813270651637422,-0.41946147210744,-0.418590138951712,-0.418653141160977,-0.418672934836258,-0.418672934836258
40,100,-2,0.5,1,-1.52313128936649,-1.55638396341977,-1.55707590932443,-1.55708139370359,-1.55706598271754,0.476868710633508,0.443616036580234,0.44292409067557,0.442918606296409,0.442934017282456,-0.180618218560165,-0.178450370392227,-0.178208886766848,-0.17823060471734,-0.178248681007216,-0.680618218560165,-0.678450370392227,-0.678208886766848,-0.67823060471734,-0.678248681007216
40,100,-2,0.5,1,-2.06572237195729,-2.10518719994465,-2.10590256118468,-2.10588207905866,-2.10588207905866,-0.0657223719572881,-0.105187199944655,-0.105902561184679,-0.105882079058656,-0.105882079058656,0.811207050183372,0.833607826838461,0.834076326416887,0.834039899833418,0.834039899833418,0.311207050183372,0.333607826838461,0.334076326416887,0.334039899833418,0.334039899833418
40,100,-2,0.5,1,-1.92674293518798,-1.96280956792237,-1.96338821073979,-1.96336406275591,-1.96336406275591,0.073257064812019,0.0371904320776306,0.0366117892602138,0.036635937244093,0.036635937244093,0.402234889592555,0.413831029290289,0.413997443497005,0.41400370823146,0.41400370823146,-0.0977651104074454,-0.0861689707097106,-0.086002556502995,-0.0859962917685402,-0.0859962917685402
40,100,-2,0.5,1,-2.10427217635463,-2.14793838639926,-2.14872298782878,-2.14868477725366,-2.14868477725366,-0.104272176354626,-0.147938386399258,-0.148722987828782,-0.148684777253659,-0.148684777253659,0.598882505768303,0.617074170232554,0.617355334758009,0.617316723875372,0.617316723875372,0.098882505768303,0.117074170232554,0.117355334758009,0.117316723875372,0.117316723875372
40,100,-2,0.5,1,-1.96990823196089,-2.00588139174765,-2.00653509353857,-2.0064958626813,-2.0064958626813,0.0300917680391084,-0.0058813917476499,-0.00653509353857107,-0.00649586268129898,-0.00649586268129898,0.643335247967284,0.661351570321347,0.661751120264279,0.661724107505017,0.661724107505017,0.143335247967284,0.161351570321347,0.161751120264279,0.161724107505017,0.161724107505017
40,100,-2,0.5,1,-1.679563009314,-1.70783307101559,-1.70820750670534,-1.70818264104689,-1.70818264104689,0.320436990686001,0.292166928984412,0.29179249329466,0.291817358953109,0.291817358953109,0.563279704131338,0.575323315586399,0.575489190977723,0.575461679112429,0.575461679112429,0.0632797041313379,0.0753233155863993,0.0754891909777227,0.0754616791124294,0.0754616791124294
40,100,-2,0.5,1,-2.38462239109569,-2.43867164581171,-2.43953731593959,-2.43950352281188,-2.43950044330861,-0.384622391095686,-0.438671645811707,-0.439537315939589,-0.439503522811883,-0.439500443308611,1.44777159609947,1.48811934117252,1.48872679557453,1.48869083037797,1.4886803838392,0.947771596099471,0.988119341172522,0.988726795574533,0.988690830377974,0.988680383839197
40,100,-2,0.5,1,-2.13274369814698,-2.17607618598421,-2.17689382710927,-2.17685926351501,-2.17685698185067,-0.13274369814698,-0.176076185984208,-0.176893827109272,-0.17685926351501,-0.176856981850667,0.203422189528082,0.205455924532741,0.205231874245318,0.205233018799671,0.20523157919905,-0.296577810471918,-0.294544075467259,-0.294768125754682,-0.294766981200329,-0.29476842080095
40,100,-2,0.5,1,-1.99231834619534,-2.02762271905651,-2.02808146956864,-2.02807342087852,-2.02807901993156,0.00768165380466268,-0.0276227190565104,-0.0280814695686384,-0.0280734208785223,-0.0280790199315613,0.450584458221337,0.458406916349402,0.458342565729873,0.458330320695886,0.458328756747916,-0.0494155417786628,-0.0415930836505979,-0.0416574342701271,-0.0416696793041139,-0.0416712432520843
40,100,-2,0.5,1,-2.24164529784967,-2.28722181658399,-2.28792706080462,-2.28786876841667,-2.28786876841667,-0.241645297849673,-0.287221816583985,-0.28792706080462,-0.287868768416669,-0.287868768416669,1.0029085938194,1.02890315555654,1.02917360145042,1.02912172384262,1.02912172384262,0.502908593819404,0.528903155556536,0.529173601450417,0.52912172384262,0.52912172384262
40,100,-2,0.5,1,-1.99911039217512,-2.03800579805063,-2.03860155568979,-2.0385693978215,-2.03857059567259,0.000889607824881899,-0.0380057980506274,-0.0386015556897883,-0.0385693978215036,-0.0385705956725948,0.537879011804867,0.553581911329939,0.553805815102859,0.553774795242649,0.553777248833122,0.0378790118048674,0.0535819113299385,0.0538058151028586,0.0537747952426493,0.0537772488331221
40,100,-2,0.5,1,-1.95146654269087,-1.98143718897421,-1.98185766948644,-1.98184755213176,-1.98184755213176,0.0485334573091332,0.0185628110257863,0.0181423305135611,0.0181524478682356,0.0181524478682356,0.527933386874002,0.538807604873228,0.538941207449074,0.53893404546262,0.53893404546262,0.0279333868740025,0.0388076048732275,0.038941207449074,0.0389340454626201,0.0389340454626201
40,100,-2,0.5,1,-1.84807078073463,-1.88592509734125,-1.88659607499229,-1.8865796775325,-1.8865796775325,0.151929219265373,0.114074902658752,0.113403925007711,0.113420322467502,0.113420322467502,0.306082706838729,0.315331947609015,0.315491311954086,0.315467536999746,0.315467536999746,-0.193917293161271,-0.184668052390985,-0.184508688045914,-0.184532463000254,-0.184532463000254
40,100,-2,0.5,1,-2.15670151840632,-2.19996228779091,-2.20068615439056,-2.20065782557128,-2.20066313150892,-0.156701518406318,-0.199962287790915,-0.200686154390557,-0.200657825571284,-0.200663131508917,0.429097692787383,0.440754901594813,0.440838154839457,0.44082656249776,0.440836855696791,-0.0709023072126165,-0.0592450984051868,-0.059161845160543,-0.0591734375022398,-0.0591631443032092
40,100,-2,0.5,1,-2.27060750330861,-2.32175887581691,-2.32269357746626,-2.32265538347929,-2.32265538347929,-0.270607503308609,-0.321758875816911,-0.322693577466261,-0.322655383479293,-0.322655383479293,0.840622009014006,0.869871436257708,0.870444795822269,0.870408535400807,0.870408535400807,0.340622009014006,0.369871436257708,0.370444795822269,0.370408535400807,0.370408535400807
40,100,-2,0.5,1,-1.93886210315661,-1.97484261293638,-1.97527007848531,-1.9752680729601,-1.97527337727347,0.0611378968433949,0.0251573870636232,0.0247299215146863,0.0247319270398965,0.024726622726525,0.918102312034091,0.937478039146316,0.937675990408522,0.937673369473155,0.937680119187182,0.418102312034091,0.437478039146316,0.437675990408522,0.437673369473155,0.437680119187182
40,100,-2,0.5,1,-2.25931247293999,-2.30989147832837,-2.31092340407528,-2.3108620381956,-2.3108620381956,-0.25931247293999,-0.30989147832837,-0.31092340407528,-0.310862038195601,-0.310862038195601,0.71180970395053,0.737195690062207,0.737766891145583,0.737730328028255,0.737730328028255,0.21180970395053,0.237195690062207,0.237766891145583,0.237730328028255,0.237730328028255
40,100,-2,0.5,1,-2.16801111749594,-2.22364776061842,-2.22484252449352,-2.22473068804777,-2.22472445629327,-0.168011117495936,-0.22364776061842,-0.224842524493523,-0.224730688047774,-0.224724456293274,0.620429360642003,0.641554478575264,0.641849992409959,0.641798549426064,0.641797002160069,0.120429360642003,0.141554478575264,0.141849992409959,0.141798549426064,0.141797002160069
40,100,-2,0.5,1,-1.98611767500694,-2.02711809880981,-2.0278041185665,-2.02776986821945,-2.02777009005939,0.0138823249930564,-0.0271180988098099,-0.0278041185665039,-0.0277698682194458,-0.0277700900593878,0.633329066144303,0.651485431523395,0.651782691765315,0.651744595902026,0.651741125600747,0.133329066144303,0.151485431523395,0.151782691765315,0.151744595902026,0.151741125600747
40,100,-2,0.5,1,-1.65688455022924,-1.68687612711006,-1.68754861164234,-1.68753259519226,-1.68753259519226,0.343115449770761,0.313123872889942,0.31245138835766,0.312467404807744,0.312467404807744,-0.432156894918928,-0.442174284435172,-0.442154636892842,-0.442147079945388,-0.442147079945388,-0.932156894918928,-0.942174284435172,-0.942154636892842,-0.942147079945388,-0.942147079945388
40,100,-2,0.5,1,-1.94035198799114,-1.98475380889525,-1.98569599049856,-1.98568814989799,-1.98568386883625,0.0596480120088552,0.0152461911047532,0.0143040095014446,0.0143118501020063,0.0143161311637467,0.184613815153597,0.185336863951386,0.185447707601915,0.185576346437623,0.185564113191428,-0.315386184846403,-0.314663136048614,-0.314552292398085,-0.314423653562377,-0.314435886808572
40,100,-2,0.5,1,-2.047919478071,-2.08342704320963,-2.08383514891114,-2.08384056681084,-2.08384056681084,-0.0479194780709977,-0.0834270432096291,-0.0838351489111382,-0.0838405668108431,-0.0838405668108431,0.767085731161051,0.783154263180082,0.783174506331086,0.783166425534148,0.783166425534148,0.267085731161051,0.283154263180082,0.283174506331086,0.283166425534148,0.283166425534148
40,100,-2,0.5,1,-1.67819444015863,-1.70605960906987,-1.70642697828665,-1.70640640038715,-1.70640640038715,0.321805559841373,0.293940390930133,0.293573021713352,0.293593599612847,0.293593599612847,0.162371479391125,0.165710594059718,0.165744594244135,0.165728814577232,0.165728814577232,-0.337628520608875,-0.334289405940282,-0.334255405755865,-0.334271185422768,-0.334271185422768
40,100,-2,0.5,1,-2.00762263126835,-2.23224359964113,-2.23310914728564,-2.23307008053537,-2.23307008053537,-0.00762263126835316,-0.232243599641129,-0.23310914728564,-0.233070080535369,-0.233070080535369,0.726023049775619,0.505378666890168,0.505725776209585,0.505687016188419,0.505687016188419,0.226023049775619,0.00537866689016764,0.00572577620958503,0.00568701618841949,0.00568701618841949
40,100,-2,0.5,1,-2.1401078325477,-2.182415897081,-2.18314673218141,-2.1831100200844,-2.18312510891648,-0.140107832547697,-0.182415897081005,-0.183146732181407,-0.183110020084396,-0.183125108916479,0.512433901228695,0.526645623737273,0.526792653009327,0.526774489783656,0.526786829082737,0.012433901228695,0.0266456237372728,0.0267926530093272,0.0267744897836564,0.0267868290827369
40,100,-2,0.5,1,-1.84179945747676,-1.87366431372524,-1.87408934888602,-1.87409258158844,-1.87409548804762,0.158200542523235,0.126335686274763,0.125910651113976,0.125907418411561,0.125904511952383,0.466326551559533,0.476561683746974,0.476631510329227,0.476634357681678,0.476649678643261,-0.0336734484404666,-0.0234383162530257,-0.0233684896707728,-0.0233656423183224,-0.023350321356739
40,100,-2,0.5,1,-1.79881067780618,-1.83592587357787,-1.83665144370005,-1.83663719863903,-1.83663719863903,0.201189322193818,0.164074126422132,0.16334855629995,0.163362801360972,0.163362801360972,-0.1042264962684,-0.102957473724522,-0.102822977376456,-0.102833495272239,-0.102833495272239,-0.6042264962684,-0.602957473724522,-0.602822977376456,-0.602833495272239,-0.602833495272239
40,100,-2,0.5,1,-2.08225298698452,-2.12812894453208,-2.12906156179364,-2.1290437146438,-2.12902708724726,-0.0822529869845199,-0.128128944532075,-0.129061561793637,-0.129043714643799,-0.129027087247263,0.402306743245017,0.408449422784601,0.408427168183456,0.408549888724884,0.408527998485904,-0.0976932567549826,-0.0915505772153992,-0.0915728318165444,-0.0914501112751157,-0.0914720015140958
40,100,-2,0.5,1,-1.93684266898209,-1.97539868227636,-1.97613339462248,-1.97612714264083,-1.97612714264083,0.063157331017907,0.0246013177236422,0.0238666053775209,0.023872857359172,0.023872857359172,0.0434952136285741,0.0457569825302938,0.0458174103376619,0.0458242075938711,0.0458242075938711,-0.456504786371426,-0.454243017469706,-0.454182589662338,-0.454175792406129,-0.454175792406129
40,100,-2,0.5,1,-1.71996280230052,-1.74524059336345,-1.74553974816047,-1.74553015083955,-1.74553015083955,0.280037197699477,0.254759406636548,0.254460251839529,0.254469849160452,0.254469849160452,0.449160007312122,0.45786718182733,0.457922595129923,0.457910685068126,0.457910685068126,-0.0508399926878781,-0.0421328181726701,-0.0420774048700768,-0.0420893149318742,-0.0420893149318742
40,100,-2,0.5,1,-2.19258687595702,-2.23582083655665,-2.23656404352038,-2.23651436528275,-2.23651436528275,-0.192586875957022,-0.235820836556646,-0.236564043520377,-0.236514365282753,-0.236514365282753,0.698860443867349,0.718667873667428,0.718982368089584,0.718925384516714,0.718925384516714,0.198860443867349,0.218667873667428,0.218982368089584,0.218925384516714,0.218925384516714
40,100,-2,0.5,1,-1.98727186277176,-2.02256641532941,-2.02306332971721,-2.02305641126978,-2.02305641126978,0.0127281372282357,-0.0225664153294058,-0.0230633297172131,-0.023056411269776,-0.023056411269776,0.648838604767926,0.665053647108621,0.665273526855245,0.665264037686532,0.665264037686532,0.148838604767926,0.165053647108621,0.165273526855245,0.165264037686532,0.165264037686532
40,100,-2,0.5,1,-1.65770762916582,-1.68619643036643,-1.68666166149914,-1.68662082739553,-1.68662082739553,0.342292370834182,0.313803569633571,0.313338338500861,0.31337917260447,0.31337917260447,0.517840100329143,0.531468569097127,0.53177309691473,0.531725409391213,0.531725409391213,0.0178401003291427,0.0314685690971275,0.0317730969147301,0.0317254093912134,0.0317254093912134
40,100,-2,0.5,1,-1.83635255930975,-1.87425581490325,-1.87488908955272,-1.8748846697003,-1.87487597973238,0.163647440690251,0.125744185096748,0.12511091044728,0.125115330299703,0.125124020267617,0.617387953627913,0.63200592990139,0.632143459897625,0.632160298421161,0.63214498029678,0.117387953627913,0.13200592990139,0.132143459897625,0.132160298421161,0.13214498029678
40,100,-2,0.5,1,-1.97272456099682,-2.00579615902919,-2.00630248400008,-2.00630128287464,-2.00630128287464,0.0272754390031809,-0.00579615902918906,-0.0063024840000816,-0.00630128287464471,-0.00630128287464471,0.413681979802157,0.423364576488165,0.423497408661935,0.423496780418751,0.423496780418751,-0.0863180201978427,-0.0766354235118353,-0.0765025913380648,-0.0765032195812493,-0.0765032195812493
40,100,-2,0.5,1,-2.15447205101503,-2.20185509013367,-2.20274042883173,-2.20266512086557,-2.20266512086557,-0.154472051015026,-0.201855090133667,-0.202740428831732,-0.202665120865566,-0.202665120865566,0.833883580303678,0.859948841662488,0.860424916324263,0.860355368999567,0.860355368999567,0.333883580303678,0.359948841662488,0.360424916324263,0.360355368999567,0.360355368999567
40,100,-2,0.5,1,-2.07742817501885,-2.11450647870919,-2.11505155935583,-2.11502116368034,-2.11501927156466,-0.0774281750188526,-0.114506478709194,-0.11505155935583,-0.115021163680344,-0.115019271564663,0.426249554719553,0.43623241781781,0.436230819924085,0.436228191681242,0.436224273960164,-0.0737504452804472,-0.0637675821821903,-0.0637691800759155,-0.0637718083187576,-0.0637757260398361
40,100,-2,0.5,1,-1.9417194452885,-1.98120690475402,-1.98192237996382,-1.98190433810875,-1.98190433810875,0.0582805547115015,0.0187930952459765,0.0180776200361827,0.0180956618912531,0.0180956618912531,0.13342251061428,0.134440238855009,0.134337717939572,0.134366760604563,0.134366760604563,-0.36657748938572,-0.365559761144991,-0.365662282060428,-0.365633239395437,-0.365633239395437
40,100,-2,0.5,1,-2.17100274397519,-2.21172297788906,-2.21246203516121,-2.2124504963061,-2.2124504963061,-0.171002743975189,-0.211722977889062,-0.212462035161214,-0.212450496306101,-0.212450496306101,0.417073250231968,0.429114246674321,0.429309499771225,0.429301905156678,0.429301905156678,-0.0829267497680321,-0.0708857533256787,-0.0706905002287751,-0.0706980948433217,-0.0706980948433217
40,100,-2,0.5,1,-2.29973456070062,-2.35016077682261,-2.35097542996952,-2.35093904358336,-2.3509207401824,-0.299734560700616,-0.35016077682261,-0.350975429969521,-0.350939043583361,-0.350920740182397,0.78839105055206,0.811589650297587,0.811847683103506,0.811799322344059,0.811788225188863,0.28839105055206,0.311589650297587,0.311847683103506,0.311799322344059,0.311788225188863
40,100,-2,0.5,1,-1.90687269254626,-1.94143387331606,-1.94191441270413,-1.94190775372601,-1.94190775372601,0.0931273074537433,0.0585661266839375,0.0580855872958717,0.0580922462739946,0.0580922462739946,0.621719733750985,0.637435453574264,0.637663508184722,0.637645310875948,0.637645310875948,0.121719733750985,0.137435453574264,0.137663508184722,0.137645310875948,0.137645310875948
40,100,-2,0.5,1,-2.03284715843676,-2.07737878316914,-2.07825559907791,-2.0782287725309,-2.07822307580063,-0.0328471584367582,-0.0773787831691441,-0.0782555990779077,-0.0782287725308977,-0.0782230758006293,0.608688821846305,0.62887303017916,0.629286191255063,0.629256153964393,0.629260207112015,0.108688821846305,0.12887303017916,0.129286191255063,0.129256153964393,0.129260207112015
40,100,-2,0.5,1,-2.25477883652854,-2.30308402177191,-2.30389065422325,-2.30385846236142,-2.30385744031466,-0.254778836528538,-0.303084021771906,-0.303890654223252,-0.303858462361425,-0.303857440314662,0.944741774423483,0.971645452300264,0.971949353516538,0.971941704759519,0.97194027719447,0.444741774423483,0.471645452300264,0.471949353516538,0.471941704759519,0.47194027719447
40,100,-2,0.5,1,-1.95691723196846,-1.99021671295116,-1.99069914557704,-1.99069557697435,-1.99069557697435,0.0430827680315429,0.00978328704884257,0.00930085442295958,0.00930442302565382,0.00930442302565382,0.315213952729257,0.323170592964333,0.323243828486967,0.323247490620106,0.323247490620106,-0.184786047270743,-0.176829407035667,-0.176756171513033,-0.176752509379894,-0.176752509379894
40,100,-2,0.5,1,-1.84478142532753,-1.8846817442628,-1.88537081473893,-1.8853151187207,-1.88531941331094,0.155218574672469,0.115318255737202,0.114629185261074,0.114684881279301,0.114680586689058,0.324080279418393,0.337176212602881,0.337427442095738,0.337367765838754,0.337366561305502,-0.175919720581607,-0.162823787397119,-0.162572557904262,-0.162632234161246,-0.162633438694498
40,100,-2,0.5,1,-1.83416996427527,-1.8723016354571,-1.87303731533128,-1.87300178177926,-1.87299793577204,0.165830035724734,0.1276983645429,0.126962684668722,0.126998218220738,0.127002064227962,0.0597095233564267,0.0599918375347446,0.0600520314161176,0.0601155717627315,0.0601070119584202,-0.440290476643573,-0.440008162465255,-0.439947968583882,-0.439884428237268,-0.43989298804158
40,100,-2,0.5,1,-2.06311097170562,-2.10730679693521,-2.10816789989013,-2.10811284707213,-2.10811284707213,-0.0631109717056155,-0.107306796935211,-0.108167899890129,-0.108112847072126,-0.108112847072126,0.630029904498969,0.651374857017607,0.651835985169662,0.651780580441394,0.651780580441394,0.130029904498969,0.151374857017607,0.151835985169662,0.151780580441394,0.151780580441394
